Barangay,University,Distance (km),Time (mins)
Alipangpang,University of Eastern Pangasinan,7.31,7.8
Alipangpang,Pangasinan State University - Urdaneta City,14.32,13.0
Alipangpang,Urdaneta City University,16.68,15.6
Alipangpang,Pangasinan State University - Asingan,22.67,22.9
Alipangpang,DMMMSU – South La Union Campus (SLUC)- Sto. Tomas,31.07,35.7
Alipangpang,DMMMSU – South La Union Campus (SLUC)- Agoo,37.29,44.3
Alipangpang,University of Pangasinan - PHINMA,31.36,44.3
Alipangpang,Lyceum-Northwestern University,45.19,47.6
Alipangpang,Pangasinan State University - Bayambang,45.74,55.4
Alipangpang,University of the Philippines - Baguio,47.22,57.5
Alipangpang,Tarlac State University - Tarlac,76.56,65.5
Alipangpang,Pangasinan State University - Lingayen,57.1,66.1
Alipangpang,Pangasinan Polytechnic College,57.36,66.3
Alipangpang,Central Luzon State University,86.87,81.2
Alipangpang,DMMMSU – Mid La Union Campus (MLUC),69.07,88.4
Alipangpang,Saint Louis University - Baguio,66.52,89.6
Alipangpang,Benguet State University - La Trinidad,70.82,97.9
Alipangpang,Polytechnic University of the Philippines - Manila,197.66,163.5
Alipangpang,University of the Philippines - Diliman,197.15,163.6
Alipangpang,University of the Philippines - Manila,198.77,167.2
Amagbagan,University of Eastern Pangasinan,11.47,14.9
Amagbagan,Pangasinan State University - Urdaneta City,18.51,19.5
Amagbagan,Urdaneta City University,20.87,22.1
Amagbagan,Pangasinan State University - Asingan,26.86,29.4
Amagbagan,University of Pangasinan - PHINMA,22.27,37.2
Amagbagan,DMMMSU – South La Union Campus (SLUC)- Sto. Tomas,31.44,37.9
Amagbagan,Lyceum-Northwestern University,24.2,41.4
Amagbagan,DMMMSU – South La Union Campus (SLUC)- Agoo,37.66,46.5
Amagbagan,University of the Philippines - Baguio,47.59,59.7
Amagbagan,Pangasinan State University - Bayambang,49.93,61.9
Amagbagan,Pangasinan State University - Lingayen,39.22,63.4
Amagbagan,Pangasinan Polytechnic College,39.49,63.6
Amagbagan,Tarlac State University - Tarlac,79.06,70.3
Amagbagan,Central Luzon State University,89.38,86.1
Amagbagan,DMMMSU – Mid La Union Campus (MLUC),69.45,90.7
Amagbagan,Saint Louis University - Baguio,66.89,91.9
Amagbagan,Benguet State University - La Trinidad,71.19,100.1
Amagbagan,Polytechnic University of the Philippines - Manila,200.17,168.3
Amagbagan,University of the Philippines - Diliman,199.65,168.4
Amagbagan,University of the Philippines - Manila,201.28,172.0
Balacag,University of Eastern Pangasinan,17.56,24.7
Balacag,Pangasinan State University - Urdaneta City,24.6,28.3
Balacag,Urdaneta City University,26.96,30.9
Balacag,University of Pangasinan - PHINMA,23.01,36.0
Balacag,Pangasinan State University - Asingan,32.94,38.2
Balacag,DMMMSU – South La Union Campus (SLUC)- Sto. Tomas,28.7,38.8
Balacag,Lyceum-Northwestern University,24.93,40.2
Balacag,DMMMSU – South La Union Campus (SLUC)- Agoo,34.92,47.4
Balacag,University of the Philippines - Baguio,44.85,60.7
Balacag,Pangasinan State University - Lingayen,39.96,62.2
Balacag,Pangasinan Polytechnic College,40.22,62.4
Balacag,Pangasinan State University - Bayambang,47.09,64.3
Balacag,Tarlac State University - Tarlac,85.34,77.9
Balacag,DMMMSU – Mid La Union Campus (MLUC),66.71,91.6
Balacag,Central Luzon State University,95.66,93.6
Balacag,Saint Louis University - Baguio,64.39,94.0
Balacag,Benguet State University - La Trinidad,68.69,102.2
Balacag,Polytechnic University of the Philippines - Manila,206.45,175.9
Balacag,University of the Philippines - Diliman,205.93,176.0
Balacag,University of the Philippines - Manila,207.56,179.6
Banding,University of Eastern Pangasinan,8.26,9.2
Banding,Pangasinan State University - Urdaneta City,15.27,14.4
Banding,Urdaneta City University,17.63,17.0
Banding,Pangasinan State University - Asingan,23.62,24.3
Banding,DMMMSU – South La Union Campus (SLUC)- Sto. Tomas,31.22,36.1
Banding,University of Pangasinan - PHINMA,30.41,42.9
Banding,DMMMSU – South La Union Campus (SLUC)- Agoo,37.45,44.7
Banding,Lyceum-Northwestern University,32.34,47.1
Banding,Pangasinan State University - Bayambang,46.69,56.8
Banding,University of the Philippines - Baguio,47.37,57.9
Banding,Tarlac State University - Tarlac,77.51,66.8
Banding,Pangasinan State University - Lingayen,58.04,67.4
Banding,Pangasinan Polytechnic College,58.3,67.7
Banding,Central Luzon State University,87.82,82.6
Banding,DMMMSU – Mid La Union Campus (MLUC),69.23,88.9
Banding,Saint Louis University - Baguio,66.68,90.1
Banding,Benguet State University - La Trinidad,70.98,98.3
Banding,University of the Philippines - Diliman,198.09,164.9
Banding,Polytechnic University of the Philippines - Manila,198.61,164.9
Banding,University of the Philippines - Manila,199.72,168.6
Bantugan,University of Eastern Pangasinan,13.52,18.7
Bantugan,Pangasinan State University - Urdaneta City,20.55,23.3
Bantugan,Urdaneta City University,22.91,25.9
Bantugan,Pangasinan State University - Asingan,28.9,33.2
Bantugan,University of Pangasinan - PHINMA,20.22,33.4
Bantugan,Lyceum-Northwestern University,22.15,37.6
Bantugan,DMMMSU – South La Union Campus (SLUC)- Sto. Tomas,33.49,41.7
Bantugan,DMMMSU – South La Union Campus (SLUC)- Agoo,39.71,50.4
Bantugan,Pangasinan State University - Lingayen,37.18,59.6
Bantugan,Pangasinan Polytechnic College,37.44,59.8
Bantugan,Pangasinan State University - Bayambang,44.31,61.7
Bantugan,University of the Philippines - Baguio,49.63,63.6
Bantugan,Tarlac State University - Tarlac,81.11,74.1
Bantugan,Central Luzon State University,91.42,89.9
Bantugan,DMMMSU – Mid La Union Campus (MLUC),71.49,94.5
Bantugan,Saint Louis University - Baguio,68.94,95.7
Bantugan,Benguet State University - La Trinidad,73.24,104.0
Bantugan,University of the Philippines - Diliman,201.69,172.2
Bantugan,Polytechnic University of the Philippines - Manila,202.21,172.2
Bantugan,University of the Philippines - Manila,203.32,175.9
Batakil,University of Eastern Pangasinan,13.73,15.5
Batakil,Pangasinan State University - Urdaneta City,20.76,19.0
Batakil,Urdaneta City University,23.12,21.6
Batakil,Pangasinan State University - Asingan,29.11,28.9
Batakil,DMMMSU – South La Union Campus (SLUC)- Sto. Tomas,25.43,30.0
Batakil,DMMMSU – South La Union Campus (SLUC)- Agoo,31.66,38.6
Batakil,University of Pangasinan - PHINMA,26.14,43.5
Batakil,Lyceum-Northwestern University,28.06,47.7
Batakil,University of the Philippines - Baguio,41.58,51.8
Batakil,Pangasinan State University - Bayambang,52.18,61.4
Batakil,Tarlac State University - Tarlac,81.51,68.6
Batakil,Pangasinan State University - Lingayen,43.09,69.7
Batakil,Pangasinan Polytechnic College,43.35,69.9
Batakil,DMMMSU – Mid La Union Campus (MLUC),63.44,82.7
Batakil,Central Luzon State University,91.82,84.4
Batakil,Saint Louis University - Baguio,61.12,85.1
Batakil,Benguet State University - La Trinidad,65.42,93.4
Batakil,University of the Philippines - Diliman,202.09,166.7
Batakil,Polytechnic University of the Philippines - Manila,202.61,166.7
Batakil,University of the Philippines - Manila,203.72,170.4
Bobonan,University of Eastern Pangasinan,12.75,14.0
Bobonan,Pangasinan State University - Urdaneta City,19.78,17.6
Bobonan,Urdaneta City University,22.14,20.2
Bobonan,Pangasinan State University - Asingan,28.13,27.5
Bobonan,DMMMSU – South La Union Campus (SLUC)- Sto. Tomas,25.7,29.7
Bobonan,DMMMSU – South La Union Campus (SLUC)- Agoo,31.92,38.3
Bobonan,University of Pangasinan - PHINMA,27.44,42.4
Bobonan,Lyceum-Northwestern University,29.36,46.6
Bobonan,University of the Philippines - Baguio,41.85,51.6
Bobonan,Pangasinan State University - Bayambang,51.2,60.0
Bobonan,Tarlac State University - Tarlac,80.53,67.2
Bobonan,Pangasinan State University - Lingayen,44.39,68.6
Bobonan,Pangasinan Polytechnic College,44.65,68.8
Bobonan,DMMMSU – Mid La Union Campus (MLUC),63.7,82.5
Bobonan,Central Luzon State University,90.84,82.9
Bobonan,Saint Louis University - Baguio,62.57,84.8
Bobonan,Benguet State University - La Trinidad,66.87,93.1
Bobonan,Polytechnic University of the Philippines - Manila,201.64,165.2
Bobonan,University of the Philippines - Diliman,201.12,165.3
Bobonan,University of the Philippines - Manila,202.74,168.9
Buneg,University of Eastern Pangasinan,8.53,9.9
Buneg,Pangasinan State University - Urdaneta City,15.54,15.1
Buneg,Urdaneta City University,17.9,17.7
Buneg,Pangasinan State University - Asingan,23.89,25.0
Buneg,DMMMSU – South La Union Campus (SLUC)- Sto. Tomas,31.67,38.2
Buneg,DMMMSU – South La Union Campus (SLUC)- Agoo,37.89,46.8
Buneg,University of Pangasinan - PHINMA,32.96,46.9
Buneg,Lyceum-Northwestern University,46.4,49.7
Buneg,Pangasinan State University - Bayambang,46.96,57.5
Buneg,University of the Philippines - Baguio,47.82,60.0
Buneg,Tarlac State University - Tarlac,77.78,67.5
Buneg,Pangasinan State University - Lingayen,58.31,68.1
Buneg,Pangasinan Polytechnic College,58.58,68.4
Buneg,Central Luzon State University,88.09,83.3
Buneg,DMMMSU – Mid La Union Campus (MLUC),69.68,91.0
Buneg,Saint Louis University - Baguio,67.12,92.2
Buneg,Benguet State University - La Trinidad,71.42,100.4
Buneg,Polytechnic University of the Philippines - Manila,198.88,165.6
Buneg,University of the Philippines - Diliman,198.36,165.7
Buneg,University of the Philippines - Manila,199.99,169.3
Cablong,University of Eastern Pangasinan,9.75,10.9
Cablong,Pangasinan State University - Urdaneta City,16.76,16.1
Cablong,Urdaneta City University,19.12,18.7
Cablong,Pangasinan State University - Asingan,25.11,26.0
Cablong,DMMMSU – South La Union Campus (SLUC)- Sto. Tomas,28.63,32.6
Cablong,DMMMSU – South La Union Campus (SLUC)- Agoo,34.85,41.2
Cablong,University of Pangasinan - PHINMA,25.1,42.6
Cablong,Lyceum-Northwestern University,27.02,46.8
Cablong,University of the Philippines - Baguio,44.78,54.5
Cablong,Pangasinan State University - Bayambang,48.18,58.5
Cablong,Tarlac State University - Tarlac,78.99,68.5
Cablong,Pangasinan State University - Lingayen,42.05,68.8
Cablong,Pangasinan Polytechnic College,42.31,69.1
Cablong,Central Luzon State University,89.31,84.3
Cablong,DMMMSU – Mid La Union Campus (MLUC),66.64,85.4
Cablong,Saint Louis University - Baguio,64.09,86.6
Cablong,Benguet State University - La Trinidad,68.39,94.8
Cablong,Polytechnic University of the Philippines - Manila,200.1,166.5
Cablong,University of the Philippines - Diliman,199.58,166.6
Cablong,University of the Philippines - Manila,201.21,170.3
Casanfernandoan,University of Eastern Pangasinan,17.07,21.3
Casanfernandoan,Pangasinan State University - Urdaneta City,24.99,25.9
Casanfernandoan,Urdaneta City University,27.35,28.5
Casanfernandoan,University of Pangasinan - PHINMA,20.76,32.8
Casanfernandoan,Pangasinan State University - Asingan,33.34,35.8
Casanfernandoan,Lyceum-Northwestern University,22.68,37.0
Casanfernandoan,DMMMSU – South La Union Campus (SLUC)- Sto. Tomas,32.32,39.2
Casanfernandoan,DMMMSU – South La Union Campus (SLUC)- Agoo,38.55,47.8
Casanfernandoan,Pangasinan State University - Lingayen,37.71,59.0
Casanfernandoan,Pangasinan Polytechnic College,37.97,59.2
Casanfernandoan,Pangasinan State University - Bayambang,44.84,61.0
Casanfernandoan,University of the Philippines - Baguio,48.47,61.0
Casanfernandoan,Tarlac State University - Tarlac,85.74,75.4
Casanfernandoan,Central Luzon State University,96.05,91.2
Casanfernandoan,DMMMSU – Mid La Union Campus (MLUC),70.33,91.9
Casanfernandoan,Saint Louis University - Baguio,67.78,93.1
Casanfernandoan,Benguet State University - La Trinidad,72.08,101.4
Casanfernandoan,Polytechnic University of the Philippines - Manila,206.84,173.5
Casanfernandoan,University of the Philippines - Diliman,206.32,173.6
Casanfernandoan,University of the Philippines - Manila,207.95,177.2
Castaño,University of Eastern Pangasinan,17.08,23.2
Castaño,Pangasinan State University - Urdaneta City,25.0,27.8
Castaño,Urdaneta City University,27.36,30.4
Castaño,University of Pangasinan - PHINMA,21.14,36.6
Castaño,Pangasinan State University - Asingan,33.34,37.7
Castaño,Lyceum-Northwestern University,23.06,40.8
Castaño,DMMMSU – South La Union Campus (SLUC)- Sto. Tomas,32.33,41.1
Castaño,DMMMSU – South La Union Campus (SLUC)- Agoo,38.55,49.7
Castaño,Pangasinan State University - Lingayen,38.09,62.8
Castaño,University of the Philippines - Baguio,48.48,62.9
Castaño,Pangasinan Polytechnic College,38.35,63.0
Castaño,Pangasinan State University - Bayambang,45.22,64.9
Castaño,Tarlac State University - Tarlac,85.74,77.3
Castaño,Central Luzon State University,96.06,93.1
Castaño,DMMMSU – Mid La Union Campus (MLUC),70.34,93.8
Castaño,Saint Louis University - Baguio,67.78,95.0
Castaño,Benguet State University - La Trinidad,72.08,103.3
Castaño,University of the Philippines - Diliman,206.33,175.4
Castaño,Polytechnic University of the Philippines - Manila,206.85,175.4
Castaño,University of the Philippines - Manila,207.96,179.1
Dilan,University of Eastern Pangasinan,11.98,15.6
Dilan,Pangasinan State University - Urdaneta City,18.01,19.5
Dilan,Urdaneta City University,20.37,22.1
Dilan,Pangasinan State University - Asingan,26.36,29.4
Dilan,University of Pangasinan - PHINMA,20.8,33.8
Dilan,Lyceum-Northwestern University,22.73,38.0
Dilan,DMMMSU – South La Union Campus (SLUC)- Sto. Tomas,33.8,42.3
Dilan,DMMMSU – South La Union Campus (SLUC)- Agoo,40.02,50.9
Dilan,Pangasinan State University - Lingayen,37.76,60.0
Dilan,Pangasinan Polytechnic College,38.02,60.2
Dilan,Pangasinan State University - Bayambang,42.3,61.6
Dilan,University of the Philippines - Baguio,49.95,64.2
Dilan,Tarlac State University - Tarlac,78.57,70.3
Dilan,Central Luzon State University,88.88,86.1
Dilan,DMMMSU – Mid La Union Campus (MLUC),71.8,95.1
Dilan,Saint Louis University - Baguio,69.25,96.3
Dilan,Benguet State University - La Trinidad,73.55,104.5
Dilan,University of the Philippines - Diliman,199.15,168.4
Dilan,Polytechnic University of the Philippines - Manila,199.67,168.4
Dilan,University of the Philippines - Manila,200.78,172.1
Don Benito,University of Eastern Pangasinan,16.23,21.6
Don Benito,Pangasinan State University - Urdaneta City,23.27,25.1
Don Benito,Urdaneta City University,25.63,27.7
Don Benito,Pangasinan State University - Asingan,31.62,35.0
Don Benito,DMMMSU – South La Union Campus (SLUC)- Sto. Tomas,27.37,35.7
Don Benito,University of Pangasinan - PHINMA,24.34,39.2
Don Benito,Lyceum-Northwestern University,26.27,43.4
Don Benito,DMMMSU – South La Union Campus (SLUC)- Agoo,33.6,44.3
Don Benito,University of the Philippines - Baguio,43.52,57.5
Don Benito,Pangasinan State University - Lingayen,41.29,65.4
Don Benito,Pangasinan Polytechnic College,41.55,65.6
Don Benito,Pangasinan State University - Bayambang,48.42,67.5
Don Benito,Tarlac State University - Tarlac,84.02,74.7
Don Benito,DMMMSU – Mid La Union Campus (MLUC),65.38,88.4
Don Benito,Central Luzon State University,94.33,90.5
Don Benito,Saint Louis University - Baguio,63.06,90.8
Don Benito,Benguet State University - La Trinidad,67.36,99.1
Don Benito,Polytechnic University of the Philippines - Manila,205.12,172.7
Don Benito,University of the Philippines - Diliman,204.6,172.8
Don Benito,University of the Philippines - Manila,206.23,176.4
Haway,University of Eastern Pangasinan,16.51,24.7
Haway,Pangasinan State University - Urdaneta City,22.54,28.7
Haway,Urdaneta City University,24.9,31.3
Haway,University of Pangasinan - PHINMA,19.47,33.1
Haway,Lyceum-Northwestern University,21.39,37.3
Haway,Pangasinan State University - Asingan,30.89,38.6
Haway,DMMMSU – South La Union Campus (SLUC)- Sto. Tomas,34.46,43.7
Haway,DMMMSU – South La Union Campus (SLUC)- Agoo,40.68,52.3
Haway,Pangasinan State University - Lingayen,36.42,59.3
Haway,Pangasinan Polytechnic College,36.68,59.6
Haway,Pangasinan State University - Bayambang,43.55,61.4
Haway,University of the Philippines - Baguio,50.61,65.5
Haway,Tarlac State University - Tarlac,83.1,79.5
Haway,Central Luzon State University,93.41,95.3
Haway,DMMMSU – Mid La Union Campus (MLUC),72.46,96.5
Haway,Saint Louis University - Baguio,69.91,97.7
Haway,Benguet State University - La Trinidad,74.21,105.9
Haway,Polytechnic University of the Philippines - Manila,204.2,177.5
Haway,University of the Philippines - Diliman,203.68,177.6
Haway,University of the Philippines - Manila,205.31,181.2
Imbalbalatong,University of Eastern Pangasinan,9.62,11.5
Imbalbalatong,Pangasinan State University - Urdaneta City,16.63,16.7
Imbalbalatong,Urdaneta City University,18.99,19.3
Imbalbalatong,Pangasinan State University - Asingan,24.97,26.6
Imbalbalatong,DMMMSU – South La Union Campus (SLUC)- Sto. Tomas,30.32,35.1
Imbalbalatong,DMMMSU – South La Union Campus (SLUC)- Agoo,36.54,43.8
Imbalbalatong,University of Pangasinan - PHINMA,26.14,43.9
Imbalbalatong,Lyceum-Northwestern University,28.06,48.1
Imbalbalatong,University of the Philippines - Baguio,46.47,57.0
Imbalbalatong,Pangasinan State University - Bayambang,48.05,59.1
Imbalbalatong,Tarlac State University - Tarlac,78.86,69.1
Imbalbalatong,Pangasinan State University - Lingayen,59.4,69.7
Imbalbalatong,Pangasinan Polytechnic College,59.66,69.9
Imbalbalatong,Central Luzon State University,89.17,84.9
Imbalbalatong,DMMMSU – Mid La Union Campus (MLUC),68.32,87.9
Imbalbalatong,Saint Louis University - Baguio,65.77,89.1
Imbalbalatong,Benguet State University - La Trinidad,70.07,97.3
Imbalbalatong,Polytechnic University of the Philippines - Manila,199.97,167.1
Imbalbalatong,University of the Philippines - Diliman,199.45,167.2
Imbalbalatong,University of the Philippines - Manila,201.07,170.9
Inoman,University of Eastern Pangasinan,13.86,17.6
Inoman,Pangasinan State University - Urdaneta City,21.88,22.0
Inoman,Urdaneta City University,24.24,24.6
Inoman,Pangasinan State University - Asingan,30.23,31.9
Inoman,DMMMSU – South La Union Campus (SLUC)- Sto. Tomas,29.21,35.3
Inoman,DMMMSU – South La Union Campus (SLUC)- Agoo,35.43,44.0
Inoman,University of Pangasinan - PHINMA,28.65,45.9
Inoman,Lyceum-Northwestern University,30.58,50.1
Inoman,University of the Philippines - Baguio,45.36,57.2
Inoman,Pangasinan State University - Bayambang,53.3,64.4
Inoman,Tarlac State University - Tarlac,82.62,71.6
Inoman,Pangasinan State University - Lingayen,45.6,72.1
Inoman,Pangasinan Polytechnic College,45.86,72.3
Inoman,Central Luzon State University,92.94,87.4
Inoman,DMMMSU – Mid La Union Campus (MLUC),67.22,88.1
Inoman,Saint Louis University - Baguio,64.67,89.3
Inoman,Benguet State University - La Trinidad,68.97,97.5
Inoman,Polytechnic University of the Philippines - Manila,203.73,169.6
Inoman,University of the Philippines - Diliman,203.21,169.7
Inoman,University of the Philippines - Manila,204.84,173.3
Laoac,University of Eastern Pangasinan,14.1,17.6
Laoac,Pangasinan State University - Urdaneta City,21.13,21.1
Laoac,Urdaneta City University,23.49,23.7
Laoac,Pangasinan State University - Asingan,29.48,31.0
Laoac,DMMMSU – South La Union Campus (SLUC)- Sto. Tomas,27.05,33.3
Laoac,DMMMSU – South La Union Campus (SLUC)- Agoo,33.27,41.9
Laoac,University of Pangasinan - PHINMA,25.86,42.9
Laoac,Lyceum-Northwestern University,27.79,47.1
Laoac,University of the Philippines - Baguio,43.19,55.1
Laoac,Pangasinan State University - Bayambang,52.55,63.5
Laoac,Pangasinan State University - Lingayen,42.81,69.1
Laoac,Pangasinan Polytechnic College,43.07,69.3
Laoac,Tarlac State University - Tarlac,81.88,70.7
Laoac,DMMMSU – Mid La Union Campus (MLUC),65.05,86.1
Laoac,Central Luzon State University,92.19,86.5
Laoac,Saint Louis University - Baguio,63.92,88.4
Laoac,Benguet State University - La Trinidad,68.22,96.7
Laoac,Polytechnic University of the Philippines - Manila,202.99,168.7
Laoac,University of the Philippines - Diliman,202.47,168.8
Laoac,University of the Philippines - Manila,204.09,172.5
Maambal,University of Eastern Pangasinan,15.24,21.0
Maambal,Pangasinan State University - Urdaneta City,21.26,25.0
Maambal,Urdaneta City University,23.62,27.6
Maambal,University of Pangasinan - PHINMA,17.57,28.5
Maambal,Lyceum-Northwestern University,19.49,32.7
Maambal,Pangasinan State University - Asingan,29.61,34.8
Maambal,DMMMSU – South La Union Campus (SLUC)- Sto. Tomas,35.22,44.9
Maambal,DMMMSU – South La Union Campus (SLUC)- Agoo,41.44,53.5
Maambal,Pangasinan State University - Lingayen,34.52,54.7
Maambal,Pangasinan Polytechnic College,34.78,54.9
Maambal,Pangasinan State University - Bayambang,41.65,56.8
Maambal,University of the Philippines - Baguio,51.36,66.7
Maambal,Tarlac State University - Tarlac,81.82,75.7
Maambal,Central Luzon State University,92.13,91.5
Maambal,DMMMSU – Mid La Union Campus (MLUC),73.22,97.7
Maambal,Saint Louis University - Baguio,71.61,100.7
Maambal,Benguet State University - La Trinidad,75.91,109.0
Maambal,Polytechnic University of the Philippines - Manila,202.92,173.8
Maambal,University of the Philippines - Diliman,202.4,173.9
Maambal,University of the Philippines - Manila,204.03,177.5
Malasin,University of Eastern Pangasinan,12.38,16.6
Malasin,Urdaneta City University,21.78,23.8
Malasin,Pangasinan State University - Asingan,27.77,31.1
Malasin,University of Pangasinan - PHINMA,21.36,35.5
Malasin,DMMMSU – South La Union Campus (SLUC)- Sto. Tomas,32.35,39.6
Malasin,Lyceum-Northwestern University,23.29,39.7
Malasin,DMMMSU – South La Union Campus (SLUC)- Agoo,38.57,48.2
Malasin,University of the Philippines - Baguio,48.5,61.4
Malasin,Pangasinan State University - Lingayen,38.31,61.7
Malasin,Pangasinan Polytechnic College,38.57,61.9
Malasin,Pangasinan State University - Bayambang,50.84,63.6
Malasin,Central Luzon State University,90.29,87.8
Malasin,Saint Louis University - Baguio,67.81,93.6
Malasin,Polytechnic University of the Philippines - Manila,201.08,170.0
Malasin,University of the Philippines - Diliman,200.56,170.1
Malasin,University of the Philippines - Manila,202.19,173.7
Malokiat,University of Eastern Pangasinan,15.71,19.6
Malokiat,Pangasinan State University - Urdaneta City,23.62,24.1
Malokiat,Urdaneta City University,25.98,26.7
Malokiat,Pangasinan State University - Asingan,31.97,34.0
Malokiat,University of Pangasinan - PHINMA,22.91,36.5
Malokiat,DMMMSU – South La Union Campus (SLUC)- Sto. Tomas,30.96,37.4
Malokiat,Lyceum-Northwestern University,24.83,40.7
Malokiat,DMMMSU – South La Union Campus (SLUC)- Agoo,37.18,46.0
Malokiat,University of the Philippines - Baguio,47.11,59.3
Malokiat,Pangasinan State University - Lingayen,39.86,62.7
Malokiat,Pangasinan Polytechnic College,40.12,62.9
Malokiat,Pangasinan State University - Bayambang,46.99,64.8
Malokiat,Tarlac State University - Tarlac,84.37,73.7
Malokiat,Central Luzon State University,94.68,89.5
Malokiat,DMMMSU – Mid La Union Campus (MLUC),68.96,90.2
Malokiat,Saint Louis University - Baguio,66.41,91.4
Malokiat,Benguet State University - La Trinidad,70.71,99.6
Malokiat,Polytechnic University of the Philippines - Manila,205.48,171.7
Malokiat,University of the Philippines - Diliman,204.96,171.8
Malokiat,University of the Philippines - Manila,206.58,175.4
Manaol,University of Eastern Pangasinan,12.76,16.3
Manaol,Pangasinan State University - Urdaneta City,19.77,21.5
Manaol,Urdaneta City University,22.13,24.1
Manaol,Pangasinan State University - Asingan,28.12,31.4
Manaol,DMMMSU – South La Union Campus (SLUC)- Sto. Tomas,29.96,35.5
Manaol,University of Pangasinan - PHINMA,24.98,39.3
Manaol,Lyceum-Northwestern University,26.91,43.5
Manaol,DMMMSU – South La Union Campus (SLUC)- Agoo,36.18,44.1
Manaol,University of the Philippines - Baguio,46.11,57.3
Manaol,Pangasinan State University - Bayambang,51.19,63.9
Manaol,Pangasinan State University - Lingayen,41.94,65.5
Manaol,Pangasinan Polytechnic College,42.2,65.7
Manaol,Tarlac State University - Tarlac,83.37,71.7
Manaol,Central Luzon State University,93.68,87.5
Manaol,DMMMSU – Mid La Union Campus (MLUC),67.96,88.2
Manaol,Saint Louis University - Baguio,65.41,89.4
Manaol,Benguet State University - La Trinidad,69.71,97.7
Manaol,University of the Philippines - Diliman,203.96,169.8
Manaol,Polytechnic University of the Philippines - Manila,204.47,169.8
Manaol,University of the Philippines - Manila,205.58,173.5
Nama,University of Eastern Pangasinan,12.1,15.5
Nama,Pangasinan State University - Urdaneta City,21.28,20.2
Nama,Urdaneta City University,23.64,22.8
Nama,Pangasinan State University - Asingan,29.63,30.1
Nama,DMMMSU – South La Union Campus (SLUC)- Sto. Tomas,28.61,33.5
Nama,DMMMSU – South La Union Campus (SLUC)- Agoo,34.84,42.1
Nama,University of Pangasinan - PHINMA,28.05,44.0
Nama,Lyceum-Northwestern University,29.98,48.2
Nama,University of the Philippines - Baguio,44.76,55.3
Nama,Pangasinan State University - Bayambang,52.7,62.6
Nama,Tarlac State University - Tarlac,82.03,69.7
Nama,Pangasinan State University - Lingayen,45.01,70.2
Nama,Pangasinan Polytechnic College,45.27,70.5
Nama,Central Luzon State University,92.34,85.5
Nama,DMMMSU – Mid La Union Campus (MLUC),66.62,86.2
Nama,Saint Louis University - Baguio,64.07,87.4
Nama,Benguet State University - La Trinidad,68.37,95.7
Nama,Polytechnic University of the Philippines - Manila,203.13,167.8
Nama,University of the Philippines - Diliman,202.61,167.9
Nama,University of the Philippines - Manila,204.24,171.5
Nantangalan,University of Eastern Pangasinan,14.21,19.1
Nantangalan,Pangasinan State University - Urdaneta City,20.24,23.0
Nantangalan,Urdaneta City University,22.6,25.6
Nantangalan,University of Pangasinan - PHINMA,18.58,30.4
Nantangalan,Pangasinan State University - Asingan,28.58,32.9
Nantangalan,Lyceum-Northwestern University,20.51,34.6
Nantangalan,DMMMSU – South La Union Campus (SLUC)- Sto. Tomas,35.14,44.9
Nantangalan,DMMMSU – South La Union Campus (SLUC)- Agoo,41.36,53.5
Nantangalan,Pangasinan State University - Lingayen,35.54,56.6
Nantangalan,Pangasinan Polytechnic College,35.8,56.8
Nantangalan,Pangasinan State University - Bayambang,42.67,58.7
Nantangalan,University of the Philippines - Baguio,51.28,66.7
Nantangalan,Tarlac State University - Tarlac,80.79,73.8
Nantangalan,Central Luzon State University,91.11,89.6
Nantangalan,DMMMSU – Mid La Union Campus (MLUC),73.14,97.6
Nantangalan,Saint Louis University - Baguio,70.59,98.8
Nantangalan,Benguet State University - La Trinidad,74.89,107.1
Nantangalan,University of the Philippines - Diliman,201.38,171.9
Nantangalan,Polytechnic University of the Philippines - Manila,201.9,171.9
Nantangalan,University of the Philippines - Manila,203.01,175.6
Palacpalac,University of Eastern Pangasinan,11.18,12.5
Palacpalac,Pangasinan State University - Urdaneta City,19.86,17.7
Palacpalac,Urdaneta City University,22.22,20.3
Palacpalac,Pangasinan State University - Asingan,28.21,27.6
Palacpalac,DMMMSU – South La Union Campus (SLUC)- Sto. Tomas,27.2,31.0
Palacpalac,DMMMSU – South La Union Campus (SLUC)- Agoo,33.42,39.6
Palacpalac,University of Pangasinan - PHINMA,26.64,41.5
Palacpalac,Lyceum-Northwestern University,28.56,45.7
Palacpalac,University of the Philippines - Baguio,43.35,52.8
Palacpalac,Pangasinan State University - Bayambang,51.28,60.1
Palacpalac,Tarlac State University - Tarlac,80.61,67.2
Palacpalac,Pangasinan State University - Lingayen,43.59,67.7
Palacpalac,Pangasinan Polytechnic College,43.85,68.0
Palacpalac,Central Luzon State University,90.92,83.0
Palacpalac,DMMMSU – Mid La Union Campus (MLUC),65.2,83.7
Palacpalac,Saint Louis University - Baguio,62.65,84.9
Palacpalac,Benguet State University - La Trinidad,66.95,93.2
Palacpalac,Polytechnic University of the Philippines - Manila,201.72,165.3
Palacpalac,University of the Philippines - Diliman,201.2,165.4
Palacpalac,University of the Philippines - Manila,202.82,169.0
Palguyod,University of Eastern Pangasinan,12.95,15.0
Palguyod,Pangasinan State University - Urdaneta City,20.86,19.6
Palguyod,Urdaneta City University,23.22,22.2
Palguyod,Pangasinan State University - Asingan,29.21,29.5
Palguyod,DMMMSU – South La Union Campus (SLUC)- Sto. Tomas,28.2,32.9
Palguyod,University of Pangasinan - PHINMA,24.87,39.1
Palguyod,DMMMSU – South La Union Campus (SLUC)- Agoo,34.42,41.5
Palguyod,Lyceum-Northwestern University,26.8,43.3
Palguyod,University of the Philippines - Baguio,44.35,54.7
Palguyod,Pangasinan State University - Bayambang,52.28,62.0
Palguyod,Pangasinan State University - Lingayen,41.83,65.3
Palguyod,Pangasinan Polytechnic College,42.09,65.5
Palguyod,Tarlac State University - Tarlac,81.61,69.2
Palguyod,Central Luzon State University,91.92,84.9
Palguyod,DMMMSU – Mid La Union Campus (MLUC),66.2,85.7
Palguyod,Saint Louis University - Baguio,63.65,86.9
Palguyod,Benguet State University - La Trinidad,67.95,95.1
Palguyod,Polytechnic University of the Philippines - Manila,202.72,167.2
Palguyod,University of the Philippines - Diliman,202.2,167.3
Palguyod,University of the Philippines - Manila,203.82,170.9
Poblacion I,University of Eastern Pangasinan,9.83,11.4
Poblacion I,Pangasinan State University - Urdaneta City,16.84,16.6
Poblacion I,Urdaneta City University,19.2,19.2
Poblacion I,Pangasinan State University - Asingan,25.19,26.5
Poblacion I,DMMMSU – South La Union Campus (SLUC)- Sto. Tomas,29.41,34.1
Poblacion I,University of Pangasinan - PHINMA,24.63,41.6
Poblacion I,DMMMSU – South La Union Campus (SLUC)- Agoo,35.63,42.7
Poblacion I,Lyceum-Northwestern University,26.56,45.8
Poblacion I,University of the Philippines - Baguio,45.56,55.9
Poblacion I,Pangasinan State University - Bayambang,48.26,59.0
Poblacion I,Pangasinan State University - Lingayen,41.59,67.8
Poblacion I,Pangasinan Polytechnic College,41.85,68.0
Poblacion I,Tarlac State University - Tarlac,79.07,69.0
Poblacion I,Central Luzon State University,89.38,84.8
Poblacion I,DMMMSU – Mid La Union Campus (MLUC),67.41,86.9
Poblacion I,Saint Louis University - Baguio,64.86,88.1
Poblacion I,Benguet State University - La Trinidad,69.16,96.3
Poblacion I,Polytechnic University of the Philippines - Manila,200.18,167.0
Poblacion I,University of the Philippines - Diliman,199.66,167.1
Poblacion I,University of the Philippines - Manila,201.29,170.8
Poblacion II,University of Eastern Pangasinan,9.79,11.7
Poblacion II,Pangasinan State University - Urdaneta City,16.8,16.9
Poblacion II,Urdaneta City University,19.16,19.5
Poblacion II,Pangasinan State University - Asingan,25.15,26.8
Poblacion II,DMMMSU – South La Union Campus (SLUC)- Sto. Tomas,29.73,34.7
Poblacion II,University of Pangasinan - PHINMA,24.25,41.0
Poblacion II,DMMMSU – South La Union Campus (SLUC)- Agoo,35.95,43.3
Poblacion II,Lyceum-Northwestern University,26.17,45.2
Poblacion II,University of the Philippines - Baguio,45.88,56.5
Poblacion II,Pangasinan State University - Bayambang,48.22,59.3
Poblacion II,Pangasinan State University - Lingayen,41.2,67.2
Poblacion II,Pangasinan Polytechnic College,41.46,67.4
Poblacion II,Tarlac State University - Tarlac,79.04,69.3
Poblacion II,Central Luzon State University,89.35,85.1
Poblacion II,DMMMSU – Mid La Union Campus (MLUC),67.74,87.5
Poblacion II,Saint Louis University - Baguio,65.18,88.7
Poblacion II,Benguet State University - La Trinidad,69.48,96.9
Poblacion II,Polytechnic University of the Philippines - Manila,200.14,167.3
Poblacion II,University of the Philippines - Diliman,199.62,167.4
Poblacion II,University of the Philippines - Manila,201.25,171.1
Poblacion III,University of Eastern Pangasinan,9.56,10.8
Poblacion III,Pangasinan State University - Urdaneta City,16.57,16.0
Poblacion III,Urdaneta City University,18.93,18.6
Poblacion III,Pangasinan State University - Asingan,24.91,25.9
Poblacion III,DMMMSU – South La Union Campus (SLUC)- Sto. Tomas,29.45,33.8
Poblacion III,University of Pangasinan - PHINMA,24.63,41.5
Poblacion III,DMMMSU – South La Union Campus (SLUC)- Agoo,35.67,42.4
Poblacion III,Lyceum-Northwestern University,26.56,45.7
Poblacion III,University of the Philippines - Baguio,45.6,55.6
Poblacion III,Pangasinan State University - Bayambang,47.99,58.4
Poblacion III,Pangasinan State University - Lingayen,41.58,67.7
Poblacion III,Pangasinan Polytechnic College,41.84,68.0
Poblacion III,Tarlac State University - Tarlac,78.8,68.4
Poblacion III,Central Luzon State University,89.11,84.2
Poblacion III,DMMMSU – Mid La Union Campus (MLUC),67.46,86.5
Poblacion III,Saint Louis University - Baguio,64.9,87.7
Poblacion III,Benguet State University - La Trinidad,69.2,96.0
Poblacion III,Polytechnic University of the Philippines - Manila,199.91,166.4
Poblacion III,University of the Philippines - Diliman,199.39,166.5
Poblacion III,University of the Philippines - Manila,201.01,170.2
Poblacion IV,University of Eastern Pangasinan,9.41,11.1
Poblacion IV,Pangasinan State University - Urdaneta City,16.42,16.3
Poblacion IV,Urdaneta City University,18.78,18.9
Poblacion IV,Pangasinan State University - Asingan,24.76,26.2
Poblacion IV,DMMMSU – South La Union Campus (SLUC)- Sto. Tomas,29.74,34.3
Poblacion IV,University of Pangasinan - PHINMA,24.33,41.1
Poblacion IV,DMMMSU – South La Union Campus (SLUC)- Agoo,35.97,42.9
Poblacion IV,Lyceum-Northwestern University,26.26,45.2
Poblacion IV,University of the Philippines - Baguio,45.89,56.1
Poblacion IV,Pangasinan State University - Bayambang,47.84,58.7
Poblacion IV,Pangasinan State University - Lingayen,41.29,67.2
Poblacion IV,Pangasinan Polytechnic College,41.55,67.5
Poblacion IV,Tarlac State University - Tarlac,78.65,68.7
Poblacion IV,Central Luzon State University,88.96,84.5
Poblacion IV,DMMMSU – Mid La Union Campus (MLUC),67.75,87.1
Poblacion IV,Saint Louis University - Baguio,65.2,88.3
Poblacion IV,Benguet State University - La Trinidad,69.5,96.5
Poblacion IV,Polytechnic University of the Philippines - Manila,199.76,166.8
Poblacion IV,University of the Philippines - Diliman,199.24,166.9
Poblacion IV,University of the Philippines - Manila,200.86,170.5
Rosario,University of Eastern Pangasinan,5.71,6.0
Rosario,Pangasinan State University - Urdaneta City,12.72,11.2
Rosario,Urdaneta City University,15.08,13.8
Rosario,Pangasinan State University - Asingan,21.06,21.1
Rosario,DMMMSU – South La Union Campus (SLUC)- Sto. Tomas,32.68,37.5
Rosario,University of Pangasinan - PHINMA,41.81,43.2
Rosario,Lyceum-Northwestern University,43.58,45.8
Rosario,DMMMSU – South La Union Campus (SLUC)- Agoo,38.9,46.1
Rosario,Pangasinan State University - Bayambang,44.14,53.6
Rosario,University of the Philippines - Baguio,48.82,59.4
Rosario,Tarlac State University - Tarlac,74.95,63.6
Rosario,Pangasinan State University - Lingayen,55.49,64.2
Rosario,Pangasinan Polytechnic College,55.75,64.5
Rosario,Central Luzon State University,85.26,79.4
Rosario,DMMMSU – Mid La Union Campus (MLUC),70.68,90.3
Rosario,Saint Louis University - Baguio,68.13,91.5
Rosario,Benguet State University - La Trinidad,72.43,99.7
Rosario,University of the Philippines - Diliman,195.54,161.7
Rosario,Polytechnic University of the Philippines - Manila,196.06,161.7
Rosario,University of the Philippines - Manila,197.16,165.4
Sugcong,University of Eastern Pangasinan,12.86,16.7
Sugcong,Pangasinan State University - Urdaneta City,19.86,22.0
Sugcong,Urdaneta City University,22.23,24.6
Sugcong,Pangasinan State University - Asingan,28.21,31.9
Sugcong,DMMMSU – South La Union Campus (SLUC)- Sto. Tomas,27.98,34.6
Sugcong,DMMMSU – South La Union Campus (SLUC)- Agoo,34.2,43.3
Sugcong,University of Pangasinan - PHINMA,30.74,49.1
Sugcong,Lyceum-Northwestern University,32.67,53.3
Sugcong,University of the Philippines - Baguio,44.13,56.5
Sugcong,Pangasinan State University - Bayambang,51.29,64.4
Sugcong,Tarlac State University - Tarlac,82.1,74.4
Sugcong,Pangasinan State University - Lingayen,62.64,75.0
Sugcong,Pangasinan Polytechnic College,62.9,75.2
Sugcong,DMMMSU – Mid La Union Campus (MLUC),65.98,87.4
Sugcong,Saint Louis University - Baguio,63.66,89.8
Sugcong,Central Luzon State University,92.41,90.2
Sugcong,Benguet State University - La Trinidad,67.96,98.1
Sugcong,Polytechnic University of the Philippines - Manila,203.21,172.4
Sugcong,University of the Philippines - Diliman,202.69,172.5
Sugcong,University of the Philippines - Manila,204.31,176.1
Talogtog,University of Eastern Pangasinan,10.74,13.5
Talogtog,Pangasinan State University - Urdaneta City,17.75,18.8
Talogtog,Urdaneta City University,20.11,21.4
Talogtog,Pangasinan State University - Asingan,26.1,28.6
Talogtog,DMMMSU – South La Union Campus (SLUC)- Sto. Tomas,30.71,36.5
Talogtog,University of Pangasinan - PHINMA,23.0,38.6
Talogtog,Lyceum-Northwestern University,24.93,42.8
Talogtog,DMMMSU – South La Union Campus (SLUC)- Agoo,36.93,45.2
Talogtog,University of the Philippines - Baguio,46.86,58.4
Talogtog,Pangasinan State University - Lingayen,39.95,64.8
Talogtog,Pangasinan Polytechnic College,40.21,65.0
Talogtog,Tarlac State University - Tarlac,79.99,71.2
Talogtog,Central Luzon State University,90.3,86.9
Talogtog,DMMMSU – Mid La Union Campus (MLUC),68.72,89.3
Talogtog,Saint Louis University - Baguio,66.16,90.5
Talogtog,Benguet State University - La Trinidad,70.46,98.8
Talogtog,Polytechnic University of the Philippines - Manila,201.09,169.2
Talogtog,University of the Philippines - Diliman,200.57,169.3
Talogtog,University of the Philippines - Manila,202.2,172.9
Tulnac,University of Eastern Pangasinan,12.27,15.5
Tulnac,Pangasinan State University - Urdaneta City,19.28,20.7
Tulnac,Urdaneta City University,21.64,23.3
Tulnac,Pangasinan State University - Asingan,27.63,30.6
Tulnac,University of Pangasinan - PHINMA,23.12,38.2
Tulnac,DMMMSU – South La Union Campus (SLUC)- Sto. Tomas,32.23,38.4
Tulnac,Lyceum-Northwestern University,25.05,42.3
Tulnac,DMMMSU – South La Union Campus (SLUC)- Agoo,38.46,47.0
Tulnac,University of the Philippines - Baguio,48.38,60.2
Tulnac,Pangasinan State University - Bayambang,50.7,63.1
Tulnac,Pangasinan State University - Lingayen,40.08,64.3
Tulnac,Pangasinan Polytechnic College,40.34,64.6
Tulnac,Tarlac State University - Tarlac,81.52,73.1
Tulnac,Central Luzon State University,91.83,88.9
Tulnac,DMMMSU – Mid La Union Campus (MLUC),70.24,91.2
Tulnac,Saint Louis University - Baguio,67.69,92.4
Tulnac,Benguet State University - La Trinidad,71.99,100.6
Tulnac,Polytechnic University of the Philippines - Manila,202.62,171.1
Tulnac,University of the Philippines - Diliman,202.1,171.2
Tulnac,University of the Philippines - Manila,203.73,174.9
Villegas,University of Eastern Pangasinan,10.12,12.5
Villegas,Pangasinan State University - Urdaneta City,17.13,17.7
Villegas,Urdaneta City University,19.49,20.3
Villegas,Pangasinan State University - Asingan,25.48,27.6
Villegas,DMMMSU – South La Union Campus (SLUC)- Sto. Tomas,31.34,37.5
Villegas,DMMMSU – South La Union Campus (SLUC)- Agoo,37.56,46.1
Villegas,University of Pangasinan - PHINMA,27.76,46.3
Villegas,Lyceum-Northwestern University,29.69,50.5
Villegas,University of the Philippines - Baguio,47.48,59.3
Villegas,Pangasinan State University - Bayambang,48.55,60.1
Villegas,Tarlac State University - Tarlac,79.37,70.1
Villegas,Pangasinan State University - Lingayen,59.9,70.7
Villegas,Pangasinan Polytechnic College,60.17,70.9
Villegas,Central Luzon State University,89.68,85.9
Villegas,DMMMSU – Mid La Union Campus (MLUC),69.34,90.3
Villegas,Saint Louis University - Baguio,66.79,91.5
Villegas,Benguet State University - La Trinidad,71.09,99.7
Villegas,Polytechnic University of the Philippines - Manila,200.47,168.1
Villegas,University of the Philippines - Diliman,199.95,168.2
Villegas,University of the Philippines - Manila,201.58,171.9
